{
  "__comments": [
    "WARNING: All changes should be made to the file with the name Custom",
    "in the title. Changes made to the Generated file will be overwritten.",
    "",
    "This file defines the oreDict entries for this module.",
    "Item strings are in the format: (domain):(path):(meta)"
  ],
  "oreDict": {
    "blockFuelCoke": [
      "pyrotech:coal_coke_block"
    ],
    "blockGlass": [
      "pyrotech:refractory_glass",
      "pyrotech:slag_glass"
    ],
    "blockWool": [
      "minecraft:wool:0",
      "minecraft:wool:1",
      "minecraft:wool:2",
      "minecraft:wool:3",
      "minecraft:wool:4",
      "minecraft:wool:5",
      "minecraft:wool:6",
      "minecraft:wool:7",
      "minecraft:wool:8",
      "minecraft:wool:9",
      "minecraft:wool:10",
      "minecraft:wool:11",
      "minecraft:wool:12",
      "minecraft:wool:13",
      "minecraft:wool:14",
      "minecraft:wool:15"
    ],
    "cobblestone": [
      "pyrotech:cobblestone:0",
      "pyrotech:cobblestone:1",
      "pyrotech:cobblestone:2",
      "pyrotech:cobblestone:3"
    ],
    "cobblestoneAndesite": [
      "pyrotech:cobblestone:0"
    ],
    "cobblestoneDiorite": [
      "pyrotech:cobblestone:1"
    ],
    "cobblestoneGranite": [
      "pyrotech:cobblestone:2"
    ],
    "cobblestoneLimestone": [
      "pyrotech:cobblestone:3"
    ],
    "dustFlint": [
      "pyrotech:material:31"
    ],
    "dustLimestone": [
      "pyrotech:material:28"
    ],
    "fuelCoke": [
      "pyrotech:material:1"
    ],
    "milk": [
      "minecraft:milk_bucket",
      "pyrotech:bucket_wood:1",
      "pyrotech:bucket_clay:1",
      "pyrotech:bucket_stone:1"
    ],
    "oreNetherCoal": [
      "pyrotech:dense_nether_coal_ore"
    ],
    "rock": [
      "pyrotech:rock:0",
      "pyrotech:rock:2",
      "pyrotech:rock:1",
      "pyrotech:rock:3",
      "pyrotech:rock:6",
      "pyrotech:rock:8",
      "pyrotech:rock:10"
    ],
    "stickStone": [
      "pyrotech:material:27"
    ],
    "stoneLimestone": [
      "pyrotech:limestone"
    ],
    "toolAxe": [
      "minecraft:stone_axe:*",
      "minecraft:iron_axe:*",
      "minecraft:golden_axe:*",
      "minecraft:diamond_axe:*",
      "pyrotech:crude_axe:*",
      "pyrotech:flint_axe:*",
      "pyrotech:bone_axe:*",
      "pyrotech:obsidian_axe:*",
      "pyrotech:redstone_axe:*"
    ],
    "toolSharp": [
      "minecraft:stone_axe:*",
      "minecraft:iron_axe:*",
      "minecraft:golden_axe:*",
      "minecraft:diamond_axe:*",
      "pyrotech:crude_axe:*",
      "pyrotech:flint_axe:*",
      "pyrotech:bone_axe:*",
      "pyrotech:obsidian_axe:*",
      "pyrotech:redstone_axe:*",
      "minecraft:stone_sword:*",
      "minecraft:iron_sword:*",
      "minecraft:golden_sword:*",
      "minecraft:diamond_sword:*",
      "pyrotech:flint_sword:*",
      "pyrotech:bone_sword:*",
      "pyrotech:obsidian_sword:*",
      "pyrotech:redstone_sword:*"
    ],
    "twine": [
      "minecraft:string",
      "pyrotech:material:14",
      "pyrotech:material:26"
    ]
  }
}