{
  "activateSkinCapeForUserVersion": false,
  "additionalFiles": [],
  "tlauncherVersion": 0,
  "modpack": {
    "modpackMemory": false,
    "memory": 0,
    "id": -668344353727600,
    "name": "TF",
    "version": {
      "mods": [
        {
          "stateGameElement": "active",
          "id": 9999999,
          "name": "OptiFine",
          "version": {
            "id": 11001818,
            "name": "OptiFine-1.12.2_HD_U_G5",
            "metadata": {
              "sha1": "db971767e460269f2317bb5df57d8f522be65e2c",
              "size": 2457427,
              "path": "mods/OptiFine-1.12.2_HD_U_G5.jar",
              "url": "/mods/9999999/11001818/OptiFine-1.12.2_HD_U_G5.jar"
            }
          },
          "userInstall": false,
          "populateStatus": false
        },
        {
          "stateGameElement": "active",
          "id": 256717,
          "name": "Clumps",
          "version": {
            "id": 2666198,
            "name": "3.1",
            "metadata": {
              "sha1": "6ea78bea8006e3924bc37c2aef0115134c8af07b",
              "size": 13792,
              "path": "mods/Clumps-3.1.2.jar",
              "url": "/mods/256717/2666198/Clumps-3.1.2.jar"
            }
          },
          "userInstall": false,
          "populateStatus": false
        },
        {
          "stateGameElement": "active",
          "id": 361579,
          "name": "spark",
          "version": {
            "id": 3542217,
            "name": "1.6.3 (Forge 1.12.2)",
            "metadata": {
              "sha1": "1b0f0591b5eb4e688ebb3f0ecf41858688b033fb",
              "size": 2827422,
              "path": "mods/spark-forge.jar",
              "url": "/mods/361579/3542217/spark-forge.jar"
            }
          },
          "userInstall": false,
          "populateStatus": false
        },
        {
          "stateGameElement": "active",
          "id": 357178,
          "name": "MixinBootstrap",
          "version": {
            "id": 3437402,
            "name": "1.1.0",
            "metadata": {
              "sha1": "f9173708d3d2850ab8df778b9594b81cb94b1df8",
              "size": 1119478,
              "path": "mods/_MixinBootstrap-1.1.0.jar",
              "url": "/mods/357178/3437402/_MixinBootstrap-1.1.0.jar"
            }
          },
          "userInstall": false,
          "populateStatus": false
        },
        {
          "stateGameElement": "active",
          "id": 318255,
          "name": "Phosphor (Forge)",
          "version": {
            "id": 2919497,
            "name": "Phosphor mc1.12.2-0.2.7",
            "metadata": {
              "sha1": "1c75738ecd4bc5f7021b2b23ea04602aac3d16ec",
              "size": 920264,
              "path": "mods/phosphor-forge-mc1.12.2-0.2.7-universal.jar",
              "url": "/mods/318255/2919497/phosphor-forge-mc1.12.2-0.2.7-universal.jar"
            }
          },
          "userInstall": false,
          "populateStatus": false,
          "dependencies": [
            {
              "gameType": "mod",
              "id": 357178,
              "dependencyType": "required"
            }
          ]
        },
        {
          "stateGameElement": "active",
          "id": 405327,
          "name": "Mixin 0.7-0.8 Compatibility",
          "version": {
            "id": 3045381,
            "name": "Mixin Compatibility",
            "metadata": {
              "sha1": "b70fe3fa98be2c0ffb673e88505dada51c1b12d5",
              "size": 867296,
              "path": "mods/[___MixinCompat-0.8___].jar",
              "url": "/mods/405327/3045381/%255b___MixinCompat-0.8___%255d.jar"
            }
          },
          "userInstall": false,
          "populateStatus": false
        },
        {
          "stateGameElement": "active",
          "id": 409087,
          "name": "Entity Culling",
          "version": {
            "id": 3769614,
            "name": "1.12.2-5.3.1",
            "metadata": {
              "sha1": "fc36a9c5c37fede80fd8702c2045240148dfd87b",
              "size": 115449,
              "path": "mods/EntityCulling-1.12.2-5.3.1.jar",
              "url": "/mods/409087/3769614/EntityCulling-1.12.2-5.3.1.jar"
            }
          },
          "userInstall": false,
          "populateStatus": false,
          "dependencies": [
            {
              "gameType": "mod",
              "id": 357178,
              "dependencyType": "required"
            },
            {
              "gameType": "mod",
              "id": 405327,
              "dependencyType": "required"
            }
          ]
        },
        {
          "stateGameElement": "active",
          "id": 354143,
          "name": "Performant",
          "version": {
            "id": 3511568,
            "name": "performant-1.11",
            "metadata": {
              "sha1": "033c589ceb8026d66ee9b2332185ae273fa77993",
              "size": 8387,
              "path": "mods/performant-1.11.jar",
              "url": "/mods/354143/3511568/performant-1.11.jar"
            }
          },
          "userInstall": false,
          "populateStatus": false
        },
        {
          "stateGameElement": "active",
          "id": 408853,
          "name": "Particle Culling",
          "version": {
            "id": 3608582,
            "name": "particleculling-1.12.2-v1.3.1",
            "metadata": {
              "sha1": "aef29745d35544a30d010fd31a8c64f9002509ae",
              "size": 15289,
              "path": "mods/particleculling-1.12.2-v1.3.1.jar",
              "url": "/mods/408853/3608582/particleculling-1.12.2-v1.3.1.jar"
            }
          },
          "userInstall": false,
          "populateStatus": false,
          "dependencies": [
            {
              "gameType": "mod",
              "id": 357178,
              "dependencyType": "required"
            }
          ]
        },
        {
          "stateGameElement": "active",
          "id": 250290,
          "name": "Surge",
          "version": {
            "id": 2916357,
            "name": "1.12.2-2.0.79",
            "metadata": {
              "sha1": "f7197d44a0f1fb1af216d3ba6b7e3c1ed06a36e9",
              "size": 957330,
              "path": "mods/Surge-1.12.2-2.0.79.jar",
              "url": "/mods/250290/2916357/Surge-1.12.2-2.0.79.jar"
            }
          },
          "userInstall": false,
          "populateStatus": false
        },
        {
          "stateGameElement": "active",
          "id": 229876,
          "name": "BetterFps",
          "version": {
            "id": 2483393,
            "name": "v1.4.8",
            "metadata": {
              "sha1": "245235d5c67daff00ee658ee1f88ae8c3e4584b8",
              "size": 155196,
              "path": "mods/BetterFps-1.4.8.jar",
              "url": "/mods/229876/2483393/BetterFps-1.4.8.jar"
            }
          },
          "userInstall": false,
          "populateStatus": false
        },
        {
          "stateGameElement": "active",
          "id": 292785,
          "name": "VanillaFix",
          "version": {
            "id": 2915154,
            "name": "1.0.10-150",
            "metadata": {
              "sha1": "646fc28aa81773662e33a3b447e830b816528fc9",
              "size": 1025896,
              "path": "mods/VanillaFix-1.0.10-150.jar",
              "url": "/mods/292785/2915154/VanillaFix-1.0.10-150.jar"
            }
          },
          "userInstall": false,
          "populateStatus": false
        },
        {
          "stateGameElement": "active",
          "id": 291874,
          "name": "Serene Seasons",
          "version": {
            "id": 2799213,
            "name": "1.12.2-1.2.18-universal",
            "metadata": {
              "sha1": "05acc4faf6f5ca31215599c0ebf778ba18a9121b",
              "size": 185187,
              "path": "mods/SereneSeasons-1.12.2-1.2.18-universal.jar",
              "url": "/mods/291874/2799213/SereneSeasons-1.12.2-1.2.18-universal.jar"
            }
          },
          "userInstall": false,
          "populateStatus": false
        },
        {
          "stateGameElement": "active",
          "id": 246391,
          "name": "Tough As Nails",
          "version": {
            "id": 2710969,
            "name": "1.12.2-3.1.0.141-universal",
            "metadata": {
              "sha1": "594c723d9708616b0f69bec1fb2d884d9ade7444",
              "size": 357504,
              "path": "mods/ToughAsNails-1.12.2-3.1.0.141-universal.jar",
              "url": "/mods/246391/2710969/ToughAsNails-1.12.2-3.1.0.141-universal.jar"
            }
          },
          "userInstall": false,
          "populateStatus": false
        },
        {
          "stateGameElement": "active",
          "id": 348025,
          "name": "Scape and Run Parasites",
          "version": {
            "id": 3755305,
            "name": "SRP v 1.9.5",
            "metadata": {
              "sha1": "be7577c663272a2013b876846a3eaf561e933a0e",
              "size": 9630654,
              "path": "mods/SRParasites-1.12.2v1.9.5.jar",
              "url": "/mods/348025/3755305/SRParasites-1.12.2v1.9.5.jar"
            }
          },
          "userInstall": false,
          "populateStatus": false
        },
        {
          "stateGameElement": "active",
          "id": 257814,
          "name": "CreativeCore",
          "version": {
            "id": 3626833,
            "name": "_v1.10.70_mc1.12.2",
            "metadata": {
              "sha1": "0f1b93d986e81ce228acdf9bea25caa1bae25dc4",
              "size": 1320474,
              "path": "mods/CreativeCore_v1.10.70_mc1.12.2.jar",
              "url": "/mods/257814/3626833/CreativeCore_v1.10.70_mc1.12.2.jar"
            }
          },
          "userInstall": false,
          "populateStatus": false
        },
        {
          "stateGameElement": "active",
          "id": 254284,
          "name": "AmbientSounds 5",
          "version": {
            "id": 3516274,
            "name": "AmbientSounds_v3.1.7_mc1.12.2",
            "metadata": {
              "sha1": "021bd97bcd91bd370e923c48046d6cbe1306ce87",
              "size": 76507814,
              "path": "mods/AmbientSounds_v3.1.7_mc1.12.2.jar",
              "url": "/mods/254284/3516274/AmbientSounds_v3.1.7_mc1.12.2.jar"
            }
          },
          "userInstall": false,
          "populateStatus": false,
          "dependencies": [
            {
              "gameType": "mod",
              "id": 257814,
              "dependencyType": "required"
            }
          ]
        },
        {
          "stateGameElement": "active",
          "id": 222789,
          "name": "Sound Filters",
          "version": {
            "id": 3025806,
            "name": "0.12.1_for_1.12",
            "metadata": {
              "sha1": "3f86c275c0e6cb55ec901a76edf517ae1c478043",
              "size": 43194,
              "path": "mods/SoundFilters-0.12.1_for_1.12.jar",
              "url": "/mods/222789/3025806/SoundFilters-0.12.1_for_1.12.jar"
            }
          },
          "userInstall": false,
          "populateStatus": false
        },
        {
          "stateGameElement": "active",
          "id": 274259,
          "name": "Carry On",
          "version": {
            "id": 3498879,
            "name": "carryon-1.12.2-1.12.6.20",
            "metadata": {
              "sha1": "cd65550af7be08d15af5472e2f5e0dc2a2330241",
              "size": 319866,
              "path": "mods/carryon-1.12.2-1.12.6.20.jar",
              "url": "/mods/274259/3498879/carryon-1.12.2-1.12.6.20.jar"
            }
          },
          "userInstall": false,
          "populateStatus": false
        },
        {
          "stateGameElement": "active",
          "id": 242998,
          "name": "Silent Lib (silentlib)",
          "version": {
            "id": 2851111,
            "name": "1.12.2-3.0.14+168",
            "metadata": {
              "sha1": "5fca3fcef48502fdb26d020eb1d8427516724cb9",
              "size": 369314,
              "path": "mods/SilentLib-1.12.2-3.0.14+168.jar",
              "url": "/mods/242998/2851111/SilentLib-1.12.2-3.0.14%252B168.jar"
            }
          },
          "userInstall": false,
          "populateStatus": false
        },
        {
          "stateGameElement": "active",
          "id": 284707,
          "name": "Extended Days",
          "version": {
            "id": 2643053,
            "name": "1.12.2-0.2.9-28",
            "metadata": {
              "sha1": "ccc8681d407641648e8d0879d44b8fb2bfe8d31d",
              "size": 48552,
              "path": "mods/ExtendedDays-1.12.2-0.2.9-28.jar",
              "url": "/mods/284707/2643053/ExtendedDays-1.12.2-0.2.9-28.jar"
            }
          },
          "userInstall": false,
          "populateStatus": false,
          "dependencies": [
            {
              "gameType": "mod",
              "id": 242998,
              "dependencyType": "required"
            }
          ]
        },
        {
          "stateGameElement": "active",
          "id": 276837,
          "name": "First Aid",
          "version": {
            "id": 3569536,
            "name": "1.6.20",
            "metadata": {
              "sha1": "ffcbc8dc64ea991d24d3832ff500c8561b0f3855",
              "size": 493584,
              "path": "mods/firstaid-1.6.20.jar",
              "url": "/mods/276837/3569536/firstaid-1.6.20.jar"
            }
          },
          "userInstall": false,
          "populateStatus": false,
          "dependencies": [
            {
              "gameType": "mod",
              "id": 266890,
              "dependencyType": "optional"
            },
            {
              "gameType": "mod",
              "id": 69118,
              "dependencyType": "optional"
            }
          ]
        },
        {
          "stateGameElement": "active",
          "id": 238222,
          "name": "Just Enough Items (JEI)",
          "version": {
            "id": 3043174,
            "name": "jei_1.12.2-4.16.1.302",
            "metadata": {
              "sha1": "3e88d2896ca868c3cedb65e117ad3a1b82488fa8",
              "size": 653210,
              "path": "mods/jei_1.12.2-4.16.1.302.jar",
              "url": "/mods/238222/3043174/jei_1.12.2-4.16.1.302.jar"
            }
          },
          "userInstall": false,
          "populateStatus": false
        },
        {
          "stateGameElement": "active",
          "id": 226321,
          "name": "Bloodmoon",
          "version": {
            "id": 2537917,
            "name": "MC1.12.2-1.5.3",
            "metadata": {
              "sha1": "181062c89f2016f06e73864eab7c2ff016ccc754",
              "size": 47505,
              "path": "mods/Bloodmoon-MC1.12.2-1.5.3.jar",
              "url": "/mods/226321/2537917/Bloodmoon-MC1.12.2-1.5.3.jar"
            }
          },
          "userInstall": false,
          "populateStatus": false
        },
        {
          "stateGameElement": "active",
          "id": 223896,
          "name": "MalisisCore",
          "version": {
            "id": 2680892,
            "name": "malisiscore-1.12.2-6.5.1",
            "metadata": {
              "sha1": "4b4a9fd82030ec2e31e64c9807779695323800c3",
              "size": 1939783,
              "path": "mods/malisiscore-1.12.2-6.5.1.jar",
              "url": "/mods/223896/2680892/malisiscore-1.12.2-6.5.1.jar"
            }
          },
          "userInstall": false,
          "populateStatus": false
        },
        {
          "stateGameElement": "active",
          "id": 223891,
          "name": "MalisisDoors",
          "version": {
            "id": 2526674,
            "name": "malisisdoors-1.12.2-7.3.0",
            "metadata": {
              "sha1": "87e694ed0722b4106242faf5dd33f7e86929ec88",
              "size": 1741669,
              "path": "mods/malisisdoors-1.12.2-7.3.0.jar",
              "url": "/mods/223891/2526674/malisisdoors-1.12.2-7.3.0.jar"
            }
          },
          "userInstall": false,
          "populateStatus": false,
          "dependencies": [
            {
              "gameType": "mod",
              "id": 223896,
              "dependencyType": "required"
            }
          ]
        },
        {
          "stateGameElement": "active",
          "id": 340583,
          "name": "YUNG's Better Caves (Forge)",
          "version": {
            "id": 3003242,
            "name": "bettercaves-1.12.2-2.0.4",
            "metadata": {
              "sha1": "1924c9881c84373c4f887ad87b1089466b291d3f",
              "size": 193604,
              "path": "mods/bettercaves-1.12.2-2.0.4.jar",
              "url": "/mods/340583/3003242/bettercaves-1.12.2-2.0.4.jar"
            }
          },
          "userInstall": false,
          "populateStatus": false,
          "dependencies": [
            {
              "gameType": "mod",
              "id": 421850,
              "dependencyType": "required"
            }
          ]
        },
        {
          "stateGameElement": "active",
          "id": 389665,
          "name": "YUNG's Better Mineshafts (Forge)",
          "version": {
            "id": 3247154,
            "name": "[1.12.2] YUNG's Better Mineshafts v2.2.1",
            "metadata": {
              "sha1": "590de926876fb792f48b120a3483970e8fff3aa3",
              "size": 305086,
              "path": "mods/BetterMineshaftsForge-1.12.2-2.2.1.jar",
              "url": "/mods/389665/3247154/BetterMineshaftsForge-1.12.2-2.2.1.jar"
            }
          },
          "userInstall": false,
          "populateStatus": false,
          "dependencies": [
            {
              "gameType": "mod",
              "id": 421850,
              "dependencyType": "required"
            }
          ]
        },
        {
          "stateGameElement": "active",
          "id": 321117,
          "name": "Traveler's Backpack",
          "version": {
            "id": 3150850,
            "name": "TravelersBackpack-1.12.2-1.0.35",
            "metadata": {
              "sha1": "5c9157582cc081f0d3b4090f3a2dbc5cfbe70cc6",
              "size": 397467,
              "path": "mods/TravelersBackpack-1.12.2-1.0.35.jar",
              "url": "/mods/321117/3150850/TravelersBackpack-1.12.2-1.0.35.jar"
            }
          },
          "userInstall": false,
          "populateStatus": false,
          "dependencies": [
            {
              "gameType": "mod",
              "id": 309927,
              "dependencyType": "optional"
            }
          ]
        },
        {
          "stateGameElement": "active",
          "id": 252848,
          "name": "Nature's Compass",
          "version": {
            "id": 2893527,
            "name": "NaturesCompass-1.12.2-1.8.5",
            "metadata": {
              "sha1": "60bcf179cab708f67bbce98d201e82f3e7be9266",
              "size": 196434,
              "path": "mods/NaturesCompass-1.12.2-1.8.5.jar",
              "url": "/mods/252848/2893527/NaturesCompass-1.12.2-1.8.5.jar"
            }
          },
          "userInstall": false,
          "populateStatus": false
        },
        {
          "stateGameElement": "active",
          "id": 258587,
          "name": "ItemPhysic Full",
          "version": {
            "id": 3487676,
            "name": "ItemPhysic_Full_1.4.37_mc1.12.2",
            "metadata": {
              "sha1": "b8ceb668c021e137d8354e75df864127ba5756e7",
              "size": 52615,
              "path": "mods/ItemPhysic_Full_1.4.37_mc1.12.2.jar",
              "url": "/mods/258587/3487676/ItemPhysic_Full_1.4.37_mc1.12.2.jar"
            }
          },
          "userInstall": false,
          "populateStatus": false,
          "dependencies": [
            {
              "gameType": "mod",
              "id": 257814,
              "dependencyType": "required"
            }
          ]
        },
        {
          "stateGameElement": "active",
          "id": -679959481518600,
          "name": "DynamicTrees-1.12.2-0.9.27",
          "version": {
            "id": -679959489034200,
            "name": "1.0",
            "metadata": {
              "sha1": "168eece310f524a732f0f2f6f890707c53e78f85",
              "size": 896440,
              "path": "mods/DynamicTrees-1.12.2-0.9.27.jar",
              "url": "mods/DynamicTrees-1.12.2-0.9.27.jar"
            }
          },
          "userInstall": true,
          "populateStatus": false
        },
        {
          "stateGameElement": "active",
          "id": 227795,
          "name": "Antique Atlas",
          "version": {
            "id": 2823030,
            "name": "antiqueatlas-1.12.2-4.6.3",
            "metadata": {
              "sha1": "9531e665ad5d5aa7a84890147dddb6eaf86a5752",
              "size": 1239580,
              "path": "mods/antiqueatlas-1.12.2-4.6.3.jar",
              "url": "/mods/227795/2823030/antiqueatlas-1.12.2-4.6.3.jar"
            }
          },
          "userInstall": false,
          "populateStatus": false,
          "dependencies": [
            {
              "gameType": "mod",
              "id": 319057,
              "dependencyType": "required"
            },
            {
              "gameType": "mod",
              "id": 306612,
              "dependencyType": "required"
            }
          ]
        },
        {
          "stateGameElement": "active",
          "id": 233019,
          "name": "AI Improvements",
          "version": {
            "id": 2450734,
            "name": "1.12-0.0.1b3-UNSTABLE build 3 for 1",
            "metadata": {
              "sha1": "ef4b64cd4fc10522ead1f659b81e471af455c3fe",
              "size": 7266,
              "path": "mods/AIImprovements-1.12-0.0.1b3.jar",
              "url": "/mods/233019/2450734/AIImprovements-1.12-0.0.1b3.jar"
            }
          },
          "userInstall": false,
          "populateStatus": false
        },
        {
          "stateGameElement": "active",
          "id": 264353,
          "name": "SwingThroughGrass",
          "version": {
            "id": 2508268,
            "name": "stg-1.12.2-1.2.3",
            "metadata": {
              "sha1": "d79494b27d6b9193714fbad2f054951dc9c2320f",
              "size": 24024,
              "path": "mods/stg-1.12.2-1.2.3.jar",
              "url": "/mods/264353/2508268/stg-1.12.2-1.2.3.jar"
            }
          },
          "userInstall": false,
          "populateStatus": false
        },
        {
          "stateGameElement": "active",
          "id": 307806,
          "name": "OreLib",
          "version": {
            "id": 2820815,
            "name": "1.12.2-3.6.0.1",
            "metadata": {
              "sha1": "5debb0481552c54bb6ad72d56b05b31d92e2f5d8",
              "size": 341728,
              "path": "mods/OreLib-1.12.2-3.6.0.1.jar",
              "url": "/mods/307806/2820815/OreLib-1.12.2-3.6.0.1.jar"
            }
          },
          "userInstall": false,
          "populateStatus": false
        },
        {
          "stateGameElement": "active",
          "id": 238891,
          "name": "Dynamic Surroundings",
          "version": {
            "id": 3497269,
            "name": "1.12.2-3.6.3",
            "metadata": {
              "sha1": "62fc23aa49ba392f4bbeb14ff0aae276ff3a27f4",
              "size": 15778870,
              "path": "mods/DynamicSurroundings-1.12.2-3.6.3.jar",
              "url": "/mods/238891/3497269/DynamicSurroundings-1.12.2-3.6.3.jar"
            }
          },
          "userInstall": false,
          "populateStatus": false,
          "dependencies": [
            {
              "gameType": "mod",
              "id": 307806,
              "dependencyType": "required"
            }
          ]
        },
        {
          "stateGameElement": "active",
          "id": 251407,
          "name": "Client Tweaks",
          "version": {
            "id": 2624712,
            "name": "_1.12.2-3.1.11",
            "metadata": {
              "sha1": "c6c31bc3e10fe8da49cb37088ec3d0e8d481ad46",
              "size": 30515,
              "path": "mods/ClientTweaks_1.12.2-3.1.11.jar",
              "url": "/mods/251407/2624712/ClientTweaks_1.12.2-3.1.11.jar"
            }
          },
          "userInstall": false,
          "populateStatus": false,
          "dependencies": [
            {
              "gameType": "mod",
              "id": 531761,
              "dependencyType": "required"
            }
          ]
        },
        {
          "stateGameElement": "active",
          "id": -880910957153600,
          "name": "mw_2.0-0.4.6.2_mc1.12.2",
          "version": {
            "id": -880912087622100,
            "name": "1.0",
            "metadata": {
              "sha1": "7ada0d62cd4c11000c2ca5dd4d51f5a5dc5bfdc4",
              "size": 34769031,
              "path": "mods/mw_2.0-0.4.6.2_mc1.12.2.jar",
              "url": "mods/mw_2.0-0.4.6.2_mc1.12.2.jar"
            }
          },
          "userInstall": true,
          "populateStatus": false
        },
        {
          "stateGameElement": "active",
          "id": 221826,
          "name": "Custom NPCs",
          "version": {
            "id": 2996912,
            "name": "_1.12.2-(05Jul20)",
            "metadata": {
              "sha1": "a5469076df8b1d9db4e483131dc94e270b8bc7cd",
              "size": 9911871,
              "path": "mods/CustomNPCs_1.12.2-(05Jul20).jar",
              "url": "/mods/221826/2996912/CustomNPCs_1.12.2-(05Jul20).jar"
            }
          },
          "userInstall": false,
          "populateStatus": false
        },
        {
          "stateGameElement": "active",
          "id": 237989,
          "name": "Realistic Terrain Generation",
          "version": {
            "id": 2782568,
            "name": "RTG-1.12.2-6.1.0.0-snapshot",
            "metadata": {
              "sha1": "c91302fbb29f7c34cdf930eb90a847ccaf48f5a2",
              "size": 2075023,
              "path": "mods/RTG-1.12.2-6.1.0.0-snapshot.1.jar",
              "url": "/mods/237989/2782568/RTG-1.12.2-6.1.0.0-snapshot.1.jar"
            }
          },
          "userInstall": false,
          "populateStatus": false,
          "dependencies": [
            {
              "gameType": "mod",
              "id": 76544,
              "dependencyType": "optional"
            },
            {
              "gameType": "mod",
              "id": 228895,
              "dependencyType": "optional"
            }
          ]
        },
        {
          "stateGameElement": "active",
          "id": 248787,
          "name": "AppleSkin",
          "version": {
            "id": 2987247,
            "name": "mc1.12-1.0.14",
            "metadata": {
              "sha1": "d798af79de48be0f00c772943e5ec5a2fb5659fa",
              "size": 33683,
              "path": "mods/AppleSkin-mc1.12-1.0.14.jar",
              "url": "/mods/248787/2987247/AppleSkin-mc1.12-1.0.14.jar"
            }
          },
          "userInstall": false,
          "populateStatus": false
        },
        {
          "stateGameElement": "active",
          "id": 306770,
          "name": "Patchouli",
          "version": {
            "id": 3162874,
            "name": "1.0-23.6",
            "metadata": {
              "sha1": "0febe14bdd007b13f6089a16a57d90e44646f041",
              "size": 472464,
              "path": "mods/Patchouli-1.0-23.6.jar",
              "url": "/mods/306770/3162874/Patchouli-1.0-23.6.jar"
            }
          },
          "userInstall": false,
          "populateStatus": false
        },
        {
          "stateGameElement": "active",
          "id": 284973,
          "name": "Dropt",
          "version": {
            "id": 3758733,
            "name": "dropt-1.12.2-1.19.3",
            "metadata": {
              "sha1": "218628699829b6a82f5755221a7beb82825cc682",
              "size": 148851,
              "path": "mods/dropt-1.12.2-1.19.3.jar",
              "url": "/mods/284973/3758733/dropt-1.12.2-1.19.3.jar"
            }
          },
          "userInstall": false,
          "populateStatus": false,
          "dependencies": [
            {
              "gameType": "mod",
              "id": 284350,
              "dependencyType": "required"
            }
          ]
        },
        {
          "stateGameElement": "active",
          "id": 284350,
          "name": "Athenaeum",
          "version": {
            "id": 3533386,
            "name": "athenaeum-1.12.2-1.19.5",
            "metadata": {
              "sha1": "ac8995ef3c1fb4a37131d6f32a3a802f193627e9",
              "size": 332896,
              "path": "mods/athenaeum-1.12.2-1.19.5.jar",
              "url": "/mods/284350/3533386/athenaeum-1.12.2-1.19.5.jar"
            }
          },
          "userInstall": false,
          "populateStatus": false
        },
        {
          "stateGameElement": "active",
          "id": 306676,
          "name": "Pyrotech",
          "version": {
            "id": 3604905,
            "name": "pyrotech-1.12.2-1.5.25",
            "metadata": {
              "sha1": "e45396fa22eefbab71b8f31942a4805244c1c59a",
              "size": 4663551,
              "path": "mods/pyrotech-1.12.2-1.5.25.jar",
              "url": "/mods/306676/3604905/pyrotech-1.12.2-1.5.25.jar"
            }
          },
          "userInstall": false,
          "populateStatus": false,
          "dependencies": [
            {
              "gameType": "mod",
              "id": 306770,
              "dependencyType": "required"
            },
            {
              "gameType": "mod",
              "id": 238222,
              "dependencyType": "optional"
            },
            {
              "gameType": "mod",
              "id": 253449,
              "dependencyType": "optional"
            },
            {
              "gameType": "mod",
              "id": 284350,
              "dependencyType": "required"
            },
            {
              "gameType": "mod",
              "id": 239197,
              "dependencyType": "optional"
            },
            {
              "gameType": "mod",
              "id": 284973,
              "dependencyType": "required"
            },
            {
              "gameType": "mod",
              "id": 245211,
              "dependencyType": "optional"
            }
          ]
        }
      ],
      "resourcePacks": [
        {
          "stateGameElement": "active",
          "id": 236821,
          "name": "Faithful x32",
          "version": {
            "id": 2480942,
            "name": "Faithful 1.12",
            "metadata": {
              "sha1": "b0bfbccc66a688f233e3412be1f7d8f6a490bdd0",
              "size": 6878379,
              "path": "resourcepacks/Faithful 1.12.2-rv4.zip",
              "url": "/resourcepacks/236821/2480942/Faithful%201.12.2-rv4.zip"
            }
          },
          "userInstall": false,
          "populateStatus": false
        }
      ],
      "maps": [],
      "shaderpacks": [],
      "forgeVersion": "14.23.5.2860",
      "gameVersion": "1.12.2",
      "id": -668344353750501,
      "name": "1.0"
    },
    "userInstall": false,
    "populateStatus": false
  },
  "source": "local_version_repo",
  "jar": "1.12.2",
  "skinVersion": false
}